"species","petal_length","petal_category"
"setosa","1.0","Short"
"setosa","1.1","Short"
"setosa","1.2","Short"
"setosa","1.2","Short"
"setosa","1.3","Short"
"setosa","1.3","Short"
"setosa","1.3","Short"
"setosa","1.3","Short"
"setosa","1.3","Short"
"setosa","1.3","Short"
"setosa","1.3","Short"
"setosa","1.4","Short"
"setosa","1.4","Short"
"setosa","1.4","Short"
"setosa","1.4","Short"
"setosa","1.4","Short"
"setosa","1.4","Short"
"setosa","1.4","Short"
"setosa","1.4","Short"
"setosa","1.4","Short"
"setosa","1.4","Short"
"setosa","1.4","Short"
"setosa","1.4","Short"
"setosa","1.5","Short"
"setosa","1.5","Short"
"setosa","1.5","Short"
"setosa","1.5","Short"
"setosa","1.5","Short"
"setosa","1.5","Short"
"setosa","1.5","Short"
"setosa","1.5","Short"
"setosa","1.5","Short"
"setosa","1.5","Short"
"setosa","1.5","Short"
"setosa","1.5","Short"
"setosa","1.5","Short"
"setosa","1.5","Short"
"setosa","1.6","Short"
"setosa","1.6","Short"
"setosa","1.6","Short"
"setosa","1.6","Short"
"setosa","1.6","Short"
"setosa","1.6","Short"
"setosa","1.6","Short"
"setosa","1.7","Short"
"setosa","1.7","Short"
"setosa","1.7","Short"
"setosa","1.7","Short"
"setosa","1.9","Short"
"setosa","1.9","Short"
"versicolor","3.0","Medium"
"versicolor","3.3","Medium"
"versicolor","3.3","Medium"
"versicolor","3.5","Medium"
"versicolor","3.5","Medium"
"versicolor","3.6","Medium"
"versicolor","3.7","Medium"
"versicolor","3.8","Medium"
"versicolor","3.9","Medium"
"versicolor","3.9","Medium"
"versicolor","3.9","Medium"
"versicolor","4.0","Medium"
"versicolor","4.0","Medium"
"versicolor","4.0","Medium"
"versicolor","4.0","Medium"
"versicolor","4.0","Medium"
"versicolor","4.1","Medium"
"versicolor","4.1","Medium"
"versicolor","4.1","Medium"
"versicolor","4.2","Medium"
"versicolor","4.2","Medium"
"versicolor","4.2","Medium"
"versicolor","4.2","Medium"
"versicolor","4.3","Medium"
"versicolor","4.3","Medium"
"versicolor","4.4","Medium"
"versicolor","4.4","Medium"
"versicolor","4.4","Medium"
"versicolor","4.4","Medium"
"versicolor","4.5","Medium"
"versicolor","4.5","Medium"
"versicolor","4.5","Medium"
"versicolor","4.5","Medium"
"versicolor","4.5","Medium"
"versicolor","4.5","Medium"
"versicolor","4.5","Medium"
"versicolor","4.6","Medium"
"versicolor","4.6","Medium"
"versicolor","4.6","Medium"
"versicolor","4.7","Medium"
"versicolor","4.7","Medium"
"versicolor","4.7","Medium"
"versicolor","4.7","Medium"
"versicolor","4.7","Medium"
"versicolor","4.8","Medium"
"versicolor","4.8","Medium"
"versicolor","4.9","Medium"
"versicolor","4.9","Medium"
"versicolor","5.0","Long"
"versicolor","5.1","Long"
"virginica","4.5","Medium"
"virginica","4.8","Medium"
"virginica","4.8","Medium"
"virginica","4.9","Medium"
"virginica","4.9","Medium"
"virginica","4.9","Medium"
"virginica","5.0","Long"
"virginica","5.0","Long"
"virginica","5.0","Long"
"virginica","5.1","Long"
"virginica","5.1","Long"
"virginica","5.1","Long"
"virginica","5.1","Long"
"virginica","5.1","Long"
"virginica","5.1","Long"
"virginica","5.1","Long"
"virginica","5.2","Long"
"virginica","5.2","Long"
"virginica","5.3","Long"
"virginica","5.3","Long"
"virginica","5.4","Long"
"virginica","5.4","Long"
"virginica","5.5","Long"
"virginica","5.5","Long"
"virginica","5.5","Long"
"virginica","5.6","Long"
"virginica","5.6","Long"
"virginica","5.6","Long"
"virginica","5.6","Long"
"virginica","5.6","Long"
"virginica","5.6","Long"
"virginica","5.7","Long"
"virginica","5.7","Long"
"virginica","5.7","Long"
"virginica","5.8","Long"
"virginica","5.8","Long"
"virginica","5.8","Long"
"virginica","5.9","Long"
"virginica","5.9","Long"
"virginica","6.0","Long"
"virginica","6.0","Long"
"virginica","6.1","Long"
"virginica","6.1","Long"
"virginica","6.1","Long"
"virginica","6.3","Long"
"virginica","6.4","Long"
"virginica","6.6","Long"
"virginica","6.7","Long"
"virginica","6.7","Long"
"virginica","6.9","Long"
